fila,ficha,bloque,id_ficha,id_recomendacion,pos_2_9,pos_3_0,tipo,origen
1,48,muestra,1137398342,1097465564,1,1,aceite,busqueda
2,48,muestra,1137398342,1159311283,3,3,repuesto,busqueda
3,48,muestra,1137398342,1091532294,2,2,aftershave,otros
4,49,muestra,1119248813,999685569690,3,3,blanqueador,otros
5,49,muestra,1119248813,1119247817,1,1,cabezales,complementa
6,49,muestra,1119248813,1091088017,2,2,pasta,complementa
7,18,muestra,999681482418,1176556382,2,2,bocina,busqueda
8,18,muestra,999681482418,1176903704,1,1,pantalla,complementa
9,18,muestra,999681482418,999685354134,3,3,streaming,complementa
10,8,muestra,1144545730,1199559300,1,1,microfono,busqueda
11,8,muestra,1144545730,999673841750,2,2,cargador,complementa
12,12,muestra,1163997114,1179108697,1,,molino,complementa
13,12,muestra,1163997114,1172053943,,1,molino,complementa
14,12,muestra,1163997114,1163084968,2,,espumador,complementa
15,12,muestra,1163997114,1207796049,3,3,tazas,busqueda
16,12,muestra,1163997114,1176011919,,2,espumador,otros
17,27,muestra,1140959894,99985614255,1,1,autoasiento,otros
18,27,muestra,1140959894,1179712829,2,2,canguro,complementa
19,27,muestra,1140959894,999680240984,3,3,panalera,otros
20,38,muestra,99983093161,16326828,,3,llavero,busqueda
21,38,muestra,99983093161,1181916191,3,,llavero,busqueda
22,38,muestra,99983093161,1162191639,1,1,cinturon,complementa
23,38,muestra,99983093161,1180825009,2,2,tarjetero,otros
24,40,muestra,1202786215,1188221288,3,3,sandalias,complementa
25,40,muestra,1202786215,999685230593,1,1,banio,busqueda
26,40,muestra,1202786215,1120399181,2,2,gorra,busqueda
27,58,nuevas,1153550782,1063665467,,2,cargadorPilas,busqueda
28,58,nuevas,1153550782,1128460795,,1,pilas,busqueda
29,3,muestra,1188152119,1204883692,1,,accesorios,busqueda
30,3,muestra,1188152119,1151841453,,1,accesorios,busqueda
31,3,muestra,1188152119,1115139025,2,2,licuadora,complementa
32,3,muestra,1188152119,1161238151,3,3,microondas,complementa
33,44,muestra,1151707604,1153913929,3,3,corrector,complementa
34,44,muestra,1151707604,1103292740,2,,polvo,complementa
35,44,muestra,1151707604,1154305981,,2,polvo,complementa
36,44,muestra,1151707604,1133335575,1,1,primer,complementa
37,36,muestra,1176537899,1119323946,1,,candado,busqueda
38,36,muestra,1176537899,1180634025,2,,organizador,busqueda
39,36,muestra,1176537899,1128821003,,1,lonchera,busqueda
40,36,muestra,1176537899,1146816319,,2,lapicera,busqueda
41,52,nuevas,1185088240,1206630431,,2,libro,busqueda
42,52,nuevas,1185088240,999679368920,,1,organizador,busqueda
43,68,nuevas,20230656,1172604170,,2,fundaElectrica,busqueda
44,68,nuevas,20230656,1144559629,,1,amplificador,busqueda
45,42,muestra,999686220475,1192368438,1,,zapatillas,busqueda
46,42,muestra,999686220475,1194511491,2,2,bolsa,busqueda
47,42,muestra,999686220475,1184373008,,1,zapatillas,busqueda
48,59,nuevas,1144830683,1063665467,,2,cargadorPilas,busqueda
49,59,nuevas,1144830683,1128460795,,1,pilas,busqueda
50,5,muestra,1148752594,1144393909,2,2,mica,busqueda
51,5,muestra,1148752594,1204883412,1,1,correa,busqueda
52,46,muestra,1195095341,1116892371,2,2,tratamiento,complementa
53,46,muestra,1195095341,1197009060,3,3,aceite,busqueda
54,46,muestra,1195095341,1159079399,1,1,acondicionador,otros
55,32,muestra,1097073097,1196399751,1,1,tapete,otros
56,32,muestra,1097073097,1181275011,3,3,mancuernas,otros
57,32,muestra,1097073097,1101556634,2,2,regulador,busqueda
58,47,muestra,1095964113,1100998277,3,3,alaciadora,complementa
59,47,muestra,1095964113,1148735685,1,1,protector,busqueda
60,47,muestra,1095964113,1146436907,2,2,cepillo,otros
61,31,muestra,999685764116,1164802856,1,,casco,busqueda
62,31,muestra,999685764116,1129973001,3,3,luces,busqueda
63,31,muestra,999685764116,1168488579,2,2,candado,otros
64,31,muestra,999685764116,1143327571,,1,casco,busqueda
65,7,muestra,1131579507,999681358060,1,1,papel,busqueda
66,7,muestra,1131579507,1107887012,2,2,regulador,otros
67,56,nuevas,1027110122,1169103514,,1,rompecabezas,complementa
68,56,nuevas,1027110122,1140067811,,2,baraja,busqueda
69,28,muestra,999674234450,1040399069,3,3,parasol,complementa
70,28,muestra,999674234450,99964426286,1,1,carriola,complementa
71,28,muestra,999674234450,1126643833,2,2,protector,busqueda
72,9,muestra,1136779358,1158361350,2,2,cargador,complementa
73,9,muestra,1136779358,99983790531,1,1,estuche,complementa
74,9,muestra,1136779358,1194590713,3,3,bocina,complementa
75,66,nuevas,99966677143,1143327571,,1,casco,busqueda
76,66,nuevas,99966677143,1124793267,,2,protecciones,busqueda
77,65,nuevas,1190043254,1113621130,,2,candado,busqueda
78,65,nuevas,1190043254,1143327571,,1,casco,busqueda
79,50,muestra,1153647191,1143512611,1,1,utensilios,complementa
80,50,muestra,1153647191,1171277805,2,2,funda,complementa
81,50,muestra,1153647191,1186329321,3,3,carbon,busqueda
82,23,muestra,1186907791,1151197716,3,3,lampara,busqueda
83,23,muestra,1186907791,1114928361,1,1,escritorio,complementa
84,23,muestra,1186907791,99993137105,2,2,librero,complementa
85,53,nuevas,1179381059,1154278954,,2,accesorios,busqueda
86,53,nuevas,1179381059,1155499717,,1,ropa,busqueda
87,54,nuevas,1042018216,1154278954,,2,accesorios,busqueda
88,54,nuevas,1042018216,1155499717,,1,ropa,busqueda
89,62,nuevas,1181756779,1118190854,,2,tecladoMouse,otros
90,62,nuevas,1181756779,1195486596,,1,monitor,busqueda
91,62,nuevas,1181756779,1189751130,,3,noBreak,otros
92,10,muestra,1185463067,1101556634,1,1,regulador,busqueda
93,10,muestra,1185463067,1085120081,2,2,consumibles,busqueda
94,33,muestra,99993749472,9955862338,3,3,guantes,otros
95,33,muestra,99993749472,1126927742,2,2,banco,complementa
96,33,muestra,99993749472,1171541944,1,1,tapete,complementa
97,30,muestra,1151363123,99963333582,2,2,baberos,complementa
98,30,muestra,1151363123,1191737250,1,1,alimentacion,complementa
99,30,muestra,1151363123,1136532827,3,3,tapete,complementa
100,43,muestra,1196022552,1193123218,3,3,zapatos,complementa
101,43,muestra,1196022552,1196057321,1,1,camisa,busqueda
102,43,muestra,1196022552,1176672168,2,2,corbata,busqueda
103,61,nuevas,1194987958,1184482793,,1,noBreak,complementa
104,61,nuevas,1194987958,1131579507,,3,impresora,busqueda
105,61,nuevas,1194987958,1085475441,,2,tecladoMouse,complementa
106,45,muestra,1195152833,1196643296,1,1,solar,busqueda
107,2,muestra,1136239356,1172019095,1,1,freidora,complementa
108,2,muestra,1136239356,1157881104,2,2,microondas,complementa
109,2,muestra,1136239356,999682167197,3,3,batidora,complementa
110,1,muestra,1183164101,1163084968,1,,espumador,otros
111,1,muestra,1183164101,999671180847,3,,termo,busqueda
112,1,muestra,1183164101,1207796049,2,2,tazas,busqueda
113,1,muestra,1183164101,1174030070,,1,espumador,busqueda
114,17,muestra,1176418893,1144816494,2,2,lapiz,complementa
115,17,muestra,1176418893,1185854791,3,3,mouse,otros
116,17,muestra,1176418893,1174105537,1,1,funda,busqueda
117,67,nuevas,1156906383,1131186246,,2,afinador,otros
118,67,nuevas,1156906383,1116388347,,3,correa,otros
119,67,nuevas,1156906383,1138369265,,1,funda,busqueda
120,73,nuevas,1199504751,1128939462,,2,mochila,complementa
121,73,nuevas,1199504751,1144199134,,1,microsd,busqueda
122,24,muestra,1206884874,999682256723,3,3,tabla,complementa
123,24,muestra,1206884874,1176111760,1,1,utensilios,busqueda
124,24,muestra,1206884874,1167669081,2,2,cuchillos,otros
125,6,muestra,1136507617,1137343103,2,2,estuche,complementa
126,6,muestra,1136507617,1139309883,3,3,album,busqueda
127,6,muestra,1136507617,1026095502,1,1,pelicula,complementa
128,70,nuevas,1151197716,1194719368,,2,extension,otros
129,70,nuevas,1151197716,1155211080,,1,contactoInteligente,busqueda
130,70,nuevas,1151197716,1127217005,,3,organizador,busqueda
131,71,nuevas,1192029097,1176176799,,2,lonchera,complementa
132,71,nuevas,1192029097,999681819734,,3,contenedor,busqueda
133,71,nuevas,1192029097,999681824238,,1,popotes,busqueda
134,21,muestra,1173453370,1173453361,3,3,protector,complementa
135,21,muestra,1173453370,999685805413,2,,almohada,busqueda
136,21,muestra,1173453370,1072871847,,2,almohada,busqueda
137,21,muestra,1173453370,1173453396,1,1,edredon,complementa
138,41,muestra,999685668239,999668489883,3,3,anillo,busqueda
139,41,muestra,999685668239,1203015441,,2,pulsera,busqueda
140,41,muestra,999685668239,1162634883,1,1,collar,complementa
141,41,muestra,999685668239,1189120024,2,,pulsera,busqueda
142,22,muestra,1134189742,1188840252,2,2,tapete,busqueda
143,22,muestra,1134189742,1138903890,3,3,cojin,busqueda
144,22,muestra,1134189742,1160111590,1,1,mesa,otros
145,60,nuevas,1158178547,1155211080,,2,contactoInteligente,busqueda
146,60,nuevas,1158178547,1194719406,,1,extension,busqueda
147,16,muestra,1162829960,1125386225,,1,teclado,busqueda
148,16,muestra,1162829960,1170852559,2,2,mouse,busqueda
149,16,muestra,1162829960,1119485504,3,3,audifonos,complementa
150,16,muestra,1162829960,999683595514,1,,teclado,busqueda
151,72,nuevas,99982476724,1195406047,,2,lonchera,busqueda
152,72,nuevas,99982476724,1193556422,,1,popotes,busqueda
153,72,nuevas,99982476724,1171162978,2,,tazas,busqueda
154,72,nuevas,99982476724,999680352844,1,,cubiertos,busqueda
155,72,nuevas,99982476724,99965200710,,3,contenedor,complementa
156,14,muestra,1191477967,1166220048,1,1,humidificador,otros
157,34,muestra,1202930961,99983536272,3,3,calcetines,busqueda
158,34,muestra,1202930961,1101647648,1,1,playera,complementa
159,34,muestra,1202930961,1192045311,2,2,pants,complementa
160,74,nuevas,1201023200,1164804263,,2,mochila,busqueda
161,74,nuevas,1201023200,1144199134,,1,microsd,busqueda
162,29,muestra,1113933289,1118151751,2,2,protector,complementa
163,29,muestra,1113933289,1177764094,1,1,colchon,complementa
164,29,muestra,1113933289,1172038936,3,3,sabanas,busqueda
165,64,nuevas,1183187771,1181806199,,3,lampara,complementa
166,64,nuevas,1183187771,1182919540,,1,bolsaDormir,busqueda
167,64,nuevas,1183187771,1133946604,,2,colchon,otros
168,39,muestra,1193351464,1179825470,1,1,estuche,busqueda
169,39,muestra,1193351464,66344350,2,2,cartera,busqueda
170,37,muestra,1197838858,1060302015,2,2,cinturon,complementa
171,37,muestra,1197838858,1197838939,1,1,cartera,busqueda
172,37,muestra,1197838858,1203246851,3,3,lentes,busqueda
173,11,muestra,1194117503,1189751130,1,,regulador,busqueda
174,11,muestra,1194117503,1101556634,,1,regulador,busqueda
175,11,muestra,1194117503,1189151477,2,2,control,complementa
176,4,muestra,1161238151,1101556634,3,3,regulador,busqueda
177,4,muestra,1161238151,84107514,1,1,contenedores,otros
178,4,muestra,1161238151,1171783409,2,2,electro,complementa
179,35,muestra,1171471869,1180634025,2,,organizador,busqueda
180,35,muestra,1171471869,1119323946,1,1,candado,busqueda
181,35,muestra,1171471869,1189549228,,2,organizador,busqueda
182,13,muestra,1171808134,1057415891,1,1,moldes,busqueda
183,13,muestra,1171808134,1111007141,2,2,licuadora,complementa
184,13,muestra,1171808134,1188152119,3,3,freidora,busqueda
185,25,muestra,1155975641,1176111760,1,1,utensilios,complementa
186,25,muestra,1155975641,1078598553,3,3,tabla,busqueda
187,25,muestra,1155975641,1169588291,2,2,cuchillos,otros
188,26,muestra,1092653991,1167501466,1,1,cubiertos,busqueda
189,26,muestra,1092653991,1099773592,2,2,copas,complementa
190,26,muestra,1092653991,1126239501,3,3,tazas,complementa
191,51,nuevas,1159850834,1194719406,,1,extension,busqueda
192,51,nuevas,1159850834,1155211080,,2,contactoInteligente,busqueda
193,19,muestra,1143459531,1176866551,2,2,edredon,complementa
194,19,muestra,1143459531,1096445928,,3,protector,busqueda
195,19,muestra,1143459531,1116306961,3,,protector,busqueda
196,19,muestra,1143459531,1173453370,1,1,sabanas,complementa
197,20,muestra,99996060744,999686312190,1,1,sabanas,complementa
198,20,muestra,99996060744,1060856517,,2,almohada,complementa
199,20,muestra,99996060744,99977058541,3,3,protector,otros
200,20,muestra,99996060744,99982831505,2,,almohada,complementa
201,15,muestra,1136851981,1134568310,1,1,burro,busqueda
202,15,muestra,1136851981,1144401014,2,2,quitapelusas,complementa
203,69,nuevas,1141597601,1135465123,,1,foco,busqueda
204,69,nuevas,1141597601,1155211080,,2,contactoInteligente,busqueda
205,63,nuevas,1164597411,1142733636,,1,bolsaDormir,otros
206,63,nuevas,1164597411,1182937432,,2,colchon,otros
207,63,nuevas,1164597411,1181806199,,3,lampara,complementa
208,57,nuevas,1194720102,1195466536,,1,rompecabezas,complementa
209,57,nuevas,1194720102,1140067811,,2,baraja,busqueda
