Fila,El cliente está viendo,Precio,Ver el artículo,Recomendación,Precio de la recomendación,Calificación en Liverpool,Lo vende,Ver la recomendación,¿La ofrecerías en esta llamada? (sí / no),Comentario (opcional)
1,PHILIPS · Recortadora de barba y bigote,$546,https://www.liverpool.com.mx/tienda/pdp/x/1137398342,JYE · Tratamiento para barba Aceite de Bergamota,$269,4.5 de 5 (2 opiniones),Marketplace,https://www.liverpool.com.mx/tienda/pdp/x/1097465564,,
2,PHILIPS · Recortadora de barba y bigote,$546,https://www.liverpool.com.mx/tienda/pdp/x/1137398342,PHILIPS · Repuesto recortadora,$789,5.0 de 5 (17 opiniones),Liverpool,https://www.liverpool.com.mx/tienda/pdp/x/1159311283,,
3,PHILIPS · Recortadora de barba y bigote,$546,https://www.liverpool.com.mx/tienda/pdp/x/1137398342,PRORASO · Loción para después de afeitar,$292.50,4.8 de 5 (13 opiniones),Liverpool,https://www.liverpool.com.mx/tienda/pdp/x/1091532294,,
4,ORAL B · Cepillo de dientes eléctrico Power,$535,https://www.liverpool.com.mx/tienda/pdp/x/1119248813,GENÉRICA · Blanqueador dental,$787.96,sin opiniones,Marketplace,https://www.liverpool.com.mx/tienda/pdp/x/999685569690,,
5,ORAL B · Cepillo de dientes eléctrico Power,$535,https://www.liverpool.com.mx/tienda/pdp/x/1119248813,ORAL B · Repuesto para cepillo eléctrico,$351,4.8 de 5 (13 opiniones),Liverpool,https://www.liverpool.com.mx/tienda/pdp/x/1119247817,,
6,ORAL B · Cepillo de dientes eléctrico Power,$535,https://www.liverpool.com.mx/tienda/pdp/x/1119248813,ORAL B · Pasta dental Detox 75 ml,$116,sin opiniones,Liverpool,https://www.liverpool.com.mx/tienda/pdp/x/1091088017,,
7,TOPTRO · Proyector X8,"$1,800",https://www.liverpool.com.mx/tienda/pdp/x/999681482418,SOUNDCORE · Bocina Select 4 Go inalámbrica,$599,4.9 de 5 (53 opiniones),Liverpool,https://www.liverpool.com.mx/tienda/pdp/x/1176556382,,
8,TOPTRO · Proyector X8,"$1,800",https://www.liverpool.com.mx/tienda/pdp/x/999681482418,STEREN · Pantalla proyector manual Pro-014,"$1,490",5.0 de 5 (1 opinión),Marketplace,https://www.liverpool.com.mx/tienda/pdp/x/1176903704,,
9,TOPTRO · Proyector X8,"$1,800",https://www.liverpool.com.mx/tienda/pdp/x/999681482418,GENÉRICA · Reproductor cd,"$2,392.82",sin opiniones,Marketplace,https://www.liverpool.com.mx/tienda/pdp/x/999685354134,,
10,SONY · Bocina portátil XB100 bluetooth,$999,https://www.liverpool.com.mx/tienda/pdp/x/1144545730,DJI · Micrófono profesional inalámbrico Mic Mini 2 (2TX+1RX),"$1,919",5.0 de 5 (3 opiniones),Liverpool,https://www.liverpool.com.mx/tienda/pdp/x/1199559300,,
11,SONY · Bocina portátil XB100 bluetooth,$999,https://www.liverpool.com.mx/tienda/pdp/x/1144545730,UGREEN · Cable usb c a tipo usb a de 1 m,$326.89,sin opiniones,Marketplace,https://www.liverpool.com.mx/tienda/pdp/x/999673841750,,
12,CHEFMAN · Cafetera espresso rj54-ss-15-d-mx,"$1,559",https://www.liverpool.com.mx/tienda/pdp/x/1163997114,HAMILTON BEACH · Molino para café de acero inoxidable,"$1,079",4.8 de 5 (8 opiniones),Liverpool,https://www.liverpool.com.mx/tienda/pdp/x/1179108697,,
13,CHEFMAN · Cafetera espresso rj54-ss-15-d-mx,"$1,559",https://www.liverpool.com.mx/tienda/pdp/x/1163997114,HAMILTON BEACH · Molino para café de acero inoxidable,$551.40,5.0 de 5 (30 opiniones),Liverpool,https://www.liverpool.com.mx/tienda/pdp/x/1172053943,,
14,CHEFMAN · Cafetera espresso rj54-ss-15-d-mx,"$1,559",https://www.liverpool.com.mx/tienda/pdp/x/1163997114,MYRVA · Espumador de leche eléctrico Genérica,$324,2.5 de 5 (8 opiniones),Marketplace,https://www.liverpool.com.mx/tienda/pdp/x/1163084968,,
15,CHEFMAN · Cafetera espresso rj54-ss-15-d-mx,"$1,559",https://www.liverpool.com.mx/tienda/pdp/x/1163997114,ZONANA · Set de tazas americanas 4 piezas,$349,sin opiniones,Liverpool,https://www.liverpool.com.mx/tienda/pdp/x/1207796049,,
16,CHEFMAN · Cafetera espresso rj54-ss-15-d-mx,"$1,559",https://www.liverpool.com.mx/tienda/pdp/x/1163997114,CUISINART · Jarra espumadora espresso maker,$272.35,4.4 de 5 (16 opiniones),Liverpool,https://www.liverpool.com.mx/tienda/pdp/x/1176011919,,
17,PRINSEL · Carriola de bastón de aluminio,$524,https://www.liverpool.com.mx/tienda/pdp/x/1140959894,CARESTINO · Autoasiento booster compatible con automóvil,$740,sin opiniones,Marketplace,https://www.liverpool.com.mx/tienda/pdp/x/99985614255,,
18,PRINSEL · Carriola de bastón de aluminio,$524,https://www.liverpool.com.mx/tienda/pdp/x/1140959894,NAP · Fular para bebé de hasta 13 kg,$649,5.0 de 5 (1 opinión),Marketplace,https://www.liverpool.com.mx/tienda/pdp/x/1179712829,,
19,PRINSEL · Carriola de bastón de aluminio,$524,https://www.liverpool.com.mx/tienda/pdp/x/1140959894,XTELLAR · Organizador para auto,$757.73,sin opiniones,Marketplace,https://www.liverpool.com.mx/tienda/pdp/x/999680240984,,
20,HARDLEY · Cartera para hombre,$699,https://www.liverpool.com.mx/tienda/pdp/x/99983093161,VICTORINOX · Llavero de acero inoxidable,$139,4.9 de 5 (27 opiniones),Liverpool,https://www.liverpool.com.mx/tienda/pdp/x/16326828,,
21,HARDLEY · Cartera para hombre,$699,https://www.liverpool.com.mx/tienda/pdp/x/99983093161,SCAPPINO · Llavero de piel,$349,sin opiniones,Liverpool,https://www.liverpool.com.mx/tienda/pdp/x/1181916191,,
22,HARDLEY · Cartera para hombre,$699,https://www.liverpool.com.mx/tienda/pdp/x/99983093161,WÜND · Cinturón para hombre,$612,3.5 de 5 (44 opiniones),Marketplace,https://www.liverpool.com.mx/tienda/pdp/x/1162191639,,
23,HARDLEY · Cartera para hombre,$699,https://www.liverpool.com.mx/tienda/pdp/x/99983093161,LEVI'S · Tarjetero para hombre,$559.30,sin opiniones,Liverpool,https://www.liverpool.com.mx/tienda/pdp/x/1180825009,,
24,AÉROPOSTALE · Lentes de sol para hombre,$299,https://www.liverpool.com.mx/tienda/pdp/x/1202786215,O'NEILL · Sandalia para hombre,$461.30,1.5 de 5 (2 opiniones),Liverpool,https://www.liverpool.com.mx/tienda/pdp/x/1188221288,,
25,AÉROPOSTALE · Lentes de sol para hombre,$299,https://www.liverpool.com.mx/tienda/pdp/x/1202786215,CHB CHILI BEANS CLOTHING CO. · Traje de baño Calzón de malla integrado para hombre,$497,sin opiniones,Marketplace,https://www.liverpool.com.mx/tienda/pdp/x/999685230593,,
26,AÉROPOSTALE · Lentes de sol para hombre,$299,https://www.liverpool.com.mx/tienda/pdp/x/1202786215,X10 · Sombrero para outdoor,$349,4.9 de 5 (33 opiniones),Liverpool,https://www.liverpool.com.mx/tienda/pdp/x/1120399181,,
27,RASTAR · Carro de control remoto Rastar,$524,https://www.liverpool.com.mx/tienda/pdp/x/1153550782,ENERGIZER · Cargador de pilas,$459,4.9 de 5 (155 opiniones),Liverpool,https://www.liverpool.com.mx/tienda/pdp/x/1063665467,,
28,RASTAR · Carro de control remoto Rastar,$524,https://www.liverpool.com.mx/tienda/pdp/x/1153550782,LTH · Set de 10 pilas AA alcalinas 1.5 V,$239,5.0 de 5 (6 opiniones),Liverpool,https://www.liverpool.com.mx/tienda/pdp/x/1128460795,,
29,OSTER · Freidora de aire con compartimento único 6 L CKSTAF60WDDF,"$1,756",https://www.liverpool.com.mx/tienda/pdp/x/1188152119,MAKOM HOME · Molde para freidora de aire,$199,sin opiniones,Liverpool,https://www.liverpool.com.mx/tienda/pdp/x/1204883692,,
30,OSTER · Freidora de aire con compartimento único 6 L CKSTAF60WDDF,"$1,756",https://www.liverpool.com.mx/tienda/pdp/x/1188152119,METALTEX · Molde para freidora de aire,$199,4.7 de 5 (22 opiniones),Liverpool,https://www.liverpool.com.mx/tienda/pdp/x/1151841453,,
31,OSTER · Freidora de aire con compartimento único 6 L CKSTAF60WDDF,"$1,756",https://www.liverpool.com.mx/tienda/pdp/x/1188152119,OSTER · Licuadora BLSTKAG-RPB-013 2 velocidades,"$1,189",4.9 de 5 (8 opiniones),Marketplace,https://www.liverpool.com.mx/tienda/pdp/x/1115139025,,
32,OSTER · Freidora de aire con compartimento único 6 L CKSTAF60WDDF,"$1,756",https://www.liverpool.com.mx/tienda/pdp/x/1188152119,SAMSUNG · Horno de microondas convencional modelo MS32DG4504ATAX 1.1 pies cúbicos,"$2,664.35",4.8 de 5 (183 opiniones),Liverpool,https://www.liverpool.com.mx/tienda/pdp/x/1161238151,,
33,MAC · Base de maquillaje líquida Kaizen Studio Fix Fluid Mini mate,$290,https://www.liverpool.com.mx/tienda/pdp/x/1151707604,SHEGLAM · Corrector Like Magic 12 hr,$126.75,4.6 de 5 (18 opiniones),Liverpool,https://www.liverpool.com.mx/tienda/pdp/x/1153913929,,
34,MAC · Base de maquillaje líquida Kaizen Studio Fix Fluid Mini mate,$290,https://www.liverpool.com.mx/tienda/pdp/x/1151707604,MAYBELLINE · Polvo compacto traslúcido Fit Me,$388,4.6 de 5 (14 opiniones),Liverpool,https://www.liverpool.com.mx/tienda/pdp/x/1103292740,,
35,MAC · Base de maquillaje líquida Kaizen Studio Fix Fluid Mini mate,$290,https://www.liverpool.com.mx/tienda/pdp/x/1151707604,SHEGLAM · Polvo fijador Insta Ready Face & Under Eye,$149.25,4.9 de 5 (25 opiniones),Liverpool,https://www.liverpool.com.mx/tienda/pdp/x/1154305981,,
36,MAC · Base de maquillaje líquida Kaizen Studio Fix Fluid Mini mate,$290,https://www.liverpool.com.mx/tienda/pdp/x/1151707604,YUYA · Primer maquillaje Lanzamiento,$153.75,4.4 de 5 (14 opiniones),Liverpool,https://www.liverpool.com.mx/tienda/pdp/x/1133335575,,
37,PUMA · Mochila escolar Phase Small para niño,$314,https://www.liverpool.com.mx/tienda/pdp/x/1176537899,CLOE · Candado TSA de combinación,$299,4.6 de 5 (14 opiniones),Liverpool,https://www.liverpool.com.mx/tienda/pdp/x/1119323946,,
38,PUMA · Mochila escolar Phase Small para niño,$314,https://www.liverpool.com.mx/tienda/pdp/x/1176537899,GENERICA · Set bolsa organizadora viaje,$437.10,4.0 de 5 (1 opinión),Marketplace,https://www.liverpool.com.mx/tienda/pdp/x/1180634025,,
39,PUMA · Mochila escolar Phase Small para niño,$314,https://www.liverpool.com.mx/tienda/pdp/x/1176537899,BLUELANDER · Lonchera térmica,$349,4.6 de 5 (48 opiniones),Marketplace,https://www.liverpool.com.mx/tienda/pdp/x/1128821003,,
40,PUMA · Mochila escolar Phase Small para niño,$314,https://www.liverpool.com.mx/tienda/pdp/x/1176537899,VANS · Lapicera unisex,$299,5.0 de 5 (4 opiniones),Liverpool,https://www.liverpool.com.mx/tienda/pdp/x/1146816319,,
41,LEGO · Centro de mesa navideño 40743,$999,https://www.liverpool.com.mx/tienda/pdp/x/1185088240,NOVELTY · Libro de actividades lego mini mascotas panda de ediciones,$279,sin opiniones,Liverpool,https://www.liverpool.com.mx/tienda/pdp/x/1206630431,,
42,LEGO · Centro de mesa navideño 40743,$999,https://www.liverpool.com.mx/tienda/pdp/x/1185088240,ONYXO · Canasta para juguetes almacenamiento de algodón,$399,sin opiniones,Marketplace,https://www.liverpool.com.mx/tienda/pdp/x/999679368920,,
43,AUDIOTEK · Guitarra eléctrica mkz-atguitarneg,"$2,199",https://www.liverpool.com.mx/tienda/pdp/x/20230656,GROUND MUSIC · Funda guitarra eléctrica,$799,5.0 de 5 (5 opiniones),Liverpool,https://www.liverpool.com.mx/tienda/pdp/x/1172604170,,
44,AUDIOTEK · Guitarra eléctrica mkz-atguitarneg,"$2,199",https://www.liverpool.com.mx/tienda/pdp/x/20230656,KAISER · Amplificador para guitarra KAG-2001 de 110 V - 120 V,"$1,198",4.3 de 5 (3 opiniones),Marketplace,https://www.liverpool.com.mx/tienda/pdp/x/1144559629,,
45,MANIJU · Vestido largo de fiesta escote Regular,"$1,890",https://www.liverpool.com.mx/tienda/pdp/x/999686220475,WESTIES · Zapatilla Textil,"$1,899",1.0 de 5 (1 opinión),Liverpool,https://www.liverpool.com.mx/tienda/pdp/x/1192368438,,
46,MANIJU · Vestido largo de fiesta escote Regular,"$1,890",https://www.liverpool.com.mx/tienda/pdp/x/999686220475,HUSER · Bolsa clutch para mujer,$899,sin opiniones,Liverpool,https://www.liverpool.com.mx/tienda/pdp/x/1194511491,,
47,MANIJU · Vestido largo de fiesta escote Regular,"$1,890",https://www.liverpool.com.mx/tienda/pdp/x/999686220475,MAP · Zapatilla,"$1,099",5.0 de 5 (1 opinión),Liverpool,https://www.liverpool.com.mx/tienda/pdp/x/1184373008,,
48,RASTAR · Vehículo de control remoto rb18 Oracle Red Bull Racing,$615,https://www.liverpool.com.mx/tienda/pdp/x/1144830683,ENERGIZER · Cargador de pilas,$459,4.9 de 5 (155 opiniones),Liverpool,https://www.liverpool.com.mx/tienda/pdp/x/1063665467,,
49,RASTAR · Vehículo de control remoto rb18 Oracle Red Bull Racing,$615,https://www.liverpool.com.mx/tienda/pdp/x/1144830683,LTH · Set de 10 pilas AA alcalinas 1.5 V,$239,5.0 de 5 (6 opiniones),Liverpool,https://www.liverpool.com.mx/tienda/pdp/x/1128460795,,
50,SAMSUNG · Smartwatch Fit 3 unisex con GPS,"$1,199",https://www.liverpool.com.mx/tienda/pdp/x/1148752594,STEVE MADDEN · Protector smartwatch Apple Watch de 44 mm,"$1,399",sin opiniones,Liverpool,https://www.liverpool.com.mx/tienda/pdp/x/1144393909,,
51,SAMSUNG · Smartwatch Fit 3 unisex con GPS,"$1,199",https://www.liverpool.com.mx/tienda/pdp/x/1148752594,SAMSUNG · Correa para smartwatch,$629,5.0 de 5 (1 opinión),Liverpool,https://www.liverpool.com.mx/tienda/pdp/x/1204883412,,
52,I PHARMA · Shampoo anticaída para cabello de Romero Línea Natural 500 ml,$208,https://www.liverpool.com.mx/tienda/pdp/x/1195095341,ALEA · Tratamiento mascarilla para cabello lacio Salerm,$350,sin opiniones,Marketplace,https://www.liverpool.com.mx/tienda/pdp/x/1116892371,,
53,I PHARMA · Shampoo anticaída para cabello de Romero Línea Natural 500 ml,$208,https://www.liverpool.com.mx/tienda/pdp/x/1195095341,CRE-C · Aceite para cabello Lab Capixyl 125 ml,$245,sin opiniones,Marketplace,https://www.liverpool.com.mx/tienda/pdp/x/1197009060,,
54,I PHARMA · Shampoo anticaída para cabello de Romero Línea Natural 500 ml,$208,https://www.liverpool.com.mx/tienda/pdp/x/1195095341,GD3 · Acondicionador para cabello Keratin Gold 300 ml,$175,sin opiniones,Marketplace,https://www.liverpool.com.mx/tienda/pdp/x/1159079399,,
55,CENTURFIT · Caminadora profesional mkz-cami3521 plegable,"$4,399",https://www.liverpool.com.mx/tienda/pdp/x/1097073097,X10 · Tapete deportivo,$139.30,5.0 de 5 (1 opinión),Liverpool,https://www.liverpool.com.mx/tienda/pdp/x/1196399751,,
56,CENTURFIT · Caminadora profesional mkz-cami3521 plegable,"$4,399",https://www.liverpool.com.mx/tienda/pdp/x/1097073097,SONGMICS HOME · Mancuerna de peso fijo 4 kg 2 piezas,$456.74,5.0 de 5 (1 opinión),Marketplace,https://www.liverpool.com.mx/tienda/pdp/x/1181275011,,
57,CENTURFIT · Caminadora profesional mkz-cami3521 plegable,"$4,399",https://www.liverpool.com.mx/tienda/pdp/x/1097073097,KOBLENZ · Regulador de voltaje,$799,4.8 de 5 (157 opiniones),Liverpool,https://www.liverpool.com.mx/tienda/pdp/x/1101556634,,
58,CONAIR · Secadora de cabello InfinitiPro 530WES,$749,https://www.liverpool.com.mx/tienda/pdp/x/1095964113,CONAIR · Alaciadora CS952ES placas de cerámica - iones,$711.75,4.8 de 5 (37 opiniones),Liverpool,https://www.liverpool.com.mx/tienda/pdp/x/1100998277,,
59,CONAIR · Secadora de cabello InfinitiPro 530WES,$749,https://www.liverpool.com.mx/tienda/pdp/x/1095964113,BEAMARRY · Protector de calor para cabello Heat&Sun 200 ml,$199,3.3 de 5 (3 opiniones),Liverpool,https://www.liverpool.com.mx/tienda/pdp/x/1148735685,,
60,CONAIR · Secadora de cabello InfinitiPro 530WES,$749,https://www.liverpool.com.mx/tienda/pdp/x/1095964113,DRYBAR · Cepillo para cabello de plástico,$607.50,sin opiniones,Liverpool,https://www.liverpool.com.mx/tienda/pdp/x/1146436907,,
61,INFINITÉ · Bicicleta de ruta rodada 26 unisex,"$2,999",https://www.liverpool.com.mx/tienda/pdp/x/999685764116,X10 · Casco para ciclismo unisex,"$1,199",4.5 de 5 (2 opiniones),Liverpool,https://www.liverpool.com.mx/tienda/pdp/x/1164802856,,
62,INFINITÉ · Bicicleta de ruta rodada 26 unisex,"$2,999",https://www.liverpool.com.mx/tienda/pdp/x/999685764116,EASYWHEELS · Lámpara delantera para bicicleta,$799,5.0 de 5 (1 opinión),Liverpool,https://www.liverpool.com.mx/tienda/pdp/x/1129973001,,
63,INFINITÉ · Bicicleta de ruta rodada 26 unisex,"$2,999",https://www.liverpool.com.mx/tienda/pdp/x/999685764116,HEUMAN BRAND · Candado de cable de combinación,$139.30,3.0 de 5 (1 opinión),Liverpool,https://www.liverpool.com.mx/tienda/pdp/x/1168488579,,
64,INFINITÉ · Bicicleta de ruta rodada 26 unisex,"$2,999",https://www.liverpool.com.mx/tienda/pdp/x/999685764116,X10 · Casco para ciclismo unisex,$599,4.8 de 5 (6 opiniones),Liverpool,https://www.liverpool.com.mx/tienda/pdp/x/1143327571,,
65,HP · Multifuncional Smart Tank 580 de tinta continua inalámbrica a color,"$3,399",https://www.liverpool.com.mx/tienda/pdp/x/1131579507,XEROX · Papel bond ecológico,"$1,117",sin opiniones,Marketplace,https://www.liverpool.com.mx/tienda/pdp/x/999681358060,,
66,HP · Multifuncional Smart Tank 580 de tinta continua inalámbrica a color,"$3,399",https://www.liverpool.com.mx/tienda/pdp/x/1131579507,SMARTBITT · Supresor de Picos 90J Calibre 16AWG,$269,5.0 de 5 (2 opiniones),Marketplace,https://www.liverpool.com.mx/tienda/pdp/x/1107887012,,
67,HASBRO GAMING · Conecta 4,$356,https://www.liverpool.com.mx/tienda/pdp/x/1027110122,RAVENSBURGER · Rompecabezas caricaturas Pokémon Classic 500 piezas,$209.30,sin opiniones,Liverpool,https://www.liverpool.com.mx/tienda/pdp/x/1169103514,,
68,HASBRO GAMING · Conecta 4,$356,https://www.liverpool.com.mx/tienda/pdp/x/1027110122,NOVELTY · Baraja Bicycle,$109,5.0 de 5 (1 opinión),Liverpool,https://www.liverpool.com.mx/tienda/pdp/x/1140067811,,
69,AMULAY · Autoasiento booster,"$1,899",https://www.liverpool.com.mx/tienda/pdp/x/999674234450,DISNEY · Parasol para ventana,$216.75,4.2 de 5 (46 opiniones),Liverpool,https://www.liverpool.com.mx/tienda/pdp/x/1040399069,,
70,AMULAY · Autoasiento booster,"$1,899",https://www.liverpool.com.mx/tienda/pdp/x/999674234450,THE BABY SHOP · Carriola de bastón plegable,"$1,399",3.0 de 5 (2 opiniones),Marketplace,https://www.liverpool.com.mx/tienda/pdp/x/99964426286,,
71,AMULAY · Autoasiento booster,"$1,899",https://www.liverpool.com.mx/tienda/pdp/x/999674234450,MUNCHKIN · Protector para asiento 60007-003LP,$949,5.0 de 5 (5 opiniones),Liverpool,https://www.liverpool.com.mx/tienda/pdp/x/1126643833,,
72,SONY · Audífonos On-Ear inalámbricos,$989,https://www.liverpool.com.mx/tienda/pdp/x/1136779358,SAMSUNG · Cable USB C de 1.5 m,$127.20,4.8 de 5 (71 opiniones),Liverpool,https://www.liverpool.com.mx/tienda/pdp/x/1158361350,,
73,SONY · Audífonos On-Ear inalámbricos,$989,https://www.liverpool.com.mx/tienda/pdp/x/1136779358,OTTERBOX · Porta audífonos in-ear,$699,sin opiniones,Marketplace,https://www.liverpool.com.mx/tienda/pdp/x/99983790531,,
74,SONY · Audífonos On-Ear inalámbricos,$989,https://www.liverpool.com.mx/tienda/pdp/x/1136779358,JBL · Bocina portátil Go Essential bluetooth,$725,sin opiniones,Marketplace,https://www.liverpool.com.mx/tienda/pdp/x/1194590713,,
75,PI & COOL · Hoverboard,"$2,099",https://www.liverpool.com.mx/tienda/pdp/x/99966677143,X10 · Casco para ciclismo unisex,$599,4.8 de 5 (6 opiniones),Liverpool,https://www.liverpool.com.mx/tienda/pdp/x/1143327571,,
76,PI & COOL · Hoverboard,"$2,099",https://www.liverpool.com.mx/tienda/pdp/x/99966677143,ROLLERFACE · Kit de rodilleras y coderas para multidiciplina,$999,4.9 de 5 (9 opiniones),Liverpool,https://www.liverpool.com.mx/tienda/pdp/x/1124793267,,
77,INSANIA · Scooter eléctrico Patin-03 2025,"$3,999",https://www.liverpool.com.mx/tienda/pdp/x/1190043254,REDLEMON · Candado para bicicleta de llave,$399,4.8 de 5 (4 opiniones),Marketplace,https://www.liverpool.com.mx/tienda/pdp/x/1113621130,,
78,INSANIA · Scooter eléctrico Patin-03 2025,"$3,999",https://www.liverpool.com.mx/tienda/pdp/x/1190043254,X10 · Casco para ciclismo unisex,$599,4.8 de 5 (6 opiniones),Liverpool,https://www.liverpool.com.mx/tienda/pdp/x/1143327571,,
79,GARDECOR · Asador de carbón ASA-1G,$569,https://www.liverpool.com.mx/tienda/pdp/x/1153647191,AVERA · Set utensilios para asar de acero inoxidable,$699,4.9 de 5 (9 opiniones),Marketplace,https://www.liverpool.com.mx/tienda/pdp/x/1143512611,,
80,GARDECOR · Asador de carbón ASA-1G,$569,https://www.liverpool.com.mx/tienda/pdp/x/1153647191,SUPERFUNDAS · Funda asador,$769,4.8 de 5 (4 opiniones),Marketplace,https://www.liverpool.com.mx/tienda/pdp/x/1171277805,,
81,GARDECOR · Asador de carbón ASA-1G,$569,https://www.liverpool.com.mx/tienda/pdp/x/1153647191,PRIME 6 · Carbón vegetal de 4 kg,$499,sin opiniones,Liverpool,https://www.liverpool.com.mx/tienda/pdp/x/1186329321,,
82,HEUMAN BRAND · Silla de escritorio Misha,$899,https://www.liverpool.com.mx/tienda/pdp/x/1186907791,BLUELANDER · Lámpara de escritorio LED,$419,5.0 de 5 (8 opiniones),Marketplace,https://www.liverpool.com.mx/tienda/pdp/x/1151197716,,
83,HEUMAN BRAND · Silla de escritorio Misha,$899,https://www.liverpool.com.mx/tienda/pdp/x/1186907791,STAY ELIT · Escritorio,$999,4.7 de 5 (657 opiniones),Liverpool,https://www.liverpool.com.mx/tienda/pdp/x/1114928361,,
84,HEUMAN BRAND · Silla de escritorio Misha,$899,https://www.liverpool.com.mx/tienda/pdp/x/1186907791,BLUELANDER · Organizador de libros armable,"$1,649",sin opiniones,Marketplace,https://www.liverpool.com.mx/tienda/pdp/x/99993137105,,
85,BARBIE · Muñeca fashion,$167,https://www.liverpool.com.mx/tienda/pdp/x/1179381059,MINI BRANDS · Accesorio para muñeca Home mini,$209,5.0 de 5 (5 opiniones),Liverpool,https://www.liverpool.com.mx/tienda/pdp/x/1154278954,,
86,BARBIE · Muñeca fashion,$167,https://www.liverpool.com.mx/tienda/pdp/x/1179381059,TOY TOWN · Ropa y accesorio de muñeca,$127,5.0 de 5 (2 opiniones),Liverpool,https://www.liverpool.com.mx/tienda/pdp/x/1155499717,,
87,GELI · Muñeca Yedid,$755,https://www.liverpool.com.mx/tienda/pdp/x/1042018216,MINI BRANDS · Accesorio para muñeca Home mini,$209,5.0 de 5 (5 opiniones),Liverpool,https://www.liverpool.com.mx/tienda/pdp/x/1154278954,,
88,GELI · Muñeca Yedid,$755,https://www.liverpool.com.mx/tienda/pdp/x/1042018216,TOY TOWN · Ropa y accesorio de muñeca,$127,5.0 de 5 (2 opiniones),Liverpool,https://www.liverpool.com.mx/tienda/pdp/x/1155499717,,
89,ASUS · Computadora de escritorio ExpertCenter PN42 Intel N100 Integrada 16 GB RAM 128 GB SSD,"$9,999",https://www.liverpool.com.mx/tienda/pdp/x/1181756779,GAME FACTOR · Teclado alámbrico Kbg560,$724,5.0 de 5 (2 opiniones),Marketplace,https://www.liverpool.com.mx/tienda/pdp/x/1118190854,,
90,ASUS · Computadora de escritorio ExpertCenter PN42 Intel N100 Integrada 16 GB RAM 128 GB SSD,"$9,999",https://www.liverpool.com.mx/tienda/pdp/x/1181756779,ASUS · Monitor gamer VG279QML5A Freesync Full HD 27 pulgadas 90LM0C20-B011C1,"$4,409",5.0 de 5 (1 opinión),Liverpool,https://www.liverpool.com.mx/tienda/pdp/x/1195486596,,
91,ASUS · Computadora de escritorio ExpertCenter PN42 Intel N100 Integrada 16 GB RAM 128 GB SSD,"$9,999",https://www.liverpool.com.mx/tienda/pdp/x/1181756779,KOBLENZ · Regulador voltaje RLB-1503,"$1,399.30",5.0 de 5 (2 opiniones),Liverpool,https://www.liverpool.com.mx/tienda/pdp/x/1189751130,,
92,MABE · Lavavajillas de empotre 12 servicios DM1260TPSS,"$7,349",https://www.liverpool.com.mx/tienda/pdp/x/1185463067,KOBLENZ · Regulador de voltaje,$799,4.8 de 5 (157 opiniones),Liverpool,https://www.liverpool.com.mx/tienda/pdp/x/1101556634,,
93,MABE · Lavavajillas de empotre 12 servicios DM1260TPSS,"$7,349",https://www.liverpool.com.mx/tienda/pdp/x/1185463067,TEKA · Sal para lavavajillas de 5 kg en polvo,$599,4.9 de 5 (50 opiniones),Liverpool,https://www.liverpool.com.mx/tienda/pdp/x/1085120081,,
94,ALTERA · Set Mancuernas de peso fijo 2 piezas,$349,https://www.liverpool.com.mx/tienda/pdp/x/99993749472,CABRAS · Guantes para entrenamiento de adulto,$499,sin opiniones,Marketplace,https://www.liverpool.com.mx/tienda/pdp/x/9955862338,,
95,ALTERA · Set Mancuernas de peso fijo 2 piezas,$349,https://www.liverpool.com.mx/tienda/pdp/x/99993749472,GENÉRICA · Banco Doble altura,$509,4.5 de 5 (8 opiniones),Marketplace,https://www.liverpool.com.mx/tienda/pdp/x/1126927742,,
96,ALTERA · Set Mancuernas de peso fijo 2 piezas,$349,https://www.liverpool.com.mx/tienda/pdp/x/99993749472,ALTERA · Tapete deportivo,$639,sin opiniones,Marketplace,https://www.liverpool.com.mx/tienda/pdp/x/1171541944,,
97,PRINSEL · Silla alta Bistro,"$1,399",https://www.liverpool.com.mx/tienda/pdp/x/1151363123,AQUILA · Set de baberos de silicón,$417,sin opiniones,Marketplace,https://www.liverpool.com.mx/tienda/pdp/x/99963333582,,
98,PRINSEL · Silla alta Bistro,"$1,399",https://www.liverpool.com.mx/tienda/pdp/x/1151363123,BELUG · Set alimentación de 9 piezas,$495.56,3.7 de 5 (3 opiniones),Marketplace,https://www.liverpool.com.mx/tienda/pdp/x/1191737250,,
99,PRINSEL · Silla alta Bistro,"$1,399",https://www.liverpool.com.mx/tienda/pdp/x/1151363123,SHIMY · Tapete de espuma,$599,4.8 de 5 (45 opiniones),Marketplace,https://www.liverpool.com.mx/tienda/pdp/x/1136532827,,
100,JBE · Traje para hombre,"$1,217",https://www.liverpool.com.mx/tienda/pdp/x/1196022552,BRANTANO · Zapato derby Frankie para hombre,"$1,499.25",sin opiniones,Liverpool,https://www.liverpool.com.mx/tienda/pdp/x/1193123218,,
101,JBE · Traje para hombre,"$1,217",https://www.liverpool.com.mx/tienda/pdp/x/1196022552,JBE · Camisa de vestir de algodón manga larga para hombre,$499,sin opiniones,Liverpool,https://www.liverpool.com.mx/tienda/pdp/x/1196057321,,
102,JBE · Traje para hombre,"$1,217",https://www.liverpool.com.mx/tienda/pdp/x/1196022552,JBE · Corbata regular para hombre,$349,5.0 de 5 (3 opiniones),Liverpool,https://www.liverpool.com.mx/tienda/pdp/x/1176672168,,
103,HP · Computadora All In One OmniStudio 24-CV0055LA 24 pulgadas Full HD AMD Ryzen 5 Integradas 16 GB RAM 512 GB SSD,"$19,799",https://www.liverpool.com.mx/tienda/pdp/x/1194987958,APC · Regulador de voltaje BE850M2-LM,"$3,099",sin opiniones,Marketplace,https://www.liverpool.com.mx/tienda/pdp/x/1184482793,,
104,HP · Computadora All In One OmniStudio 24-CV0055LA 24 pulgadas Full HD AMD Ryzen 5 Integradas 16 GB RAM 512 GB SSD,"$19,799",https://www.liverpool.com.mx/tienda/pdp/x/1194987958,HP · Multifuncional Smart Tank 580 de tinta continua inalámbrica a color,"$3,999",4.7 de 5 (259 opiniones),Liverpool,https://www.liverpool.com.mx/tienda/pdp/x/1131579507,,
105,HP · Computadora All In One OmniStudio 24-CV0055LA 24 pulgadas Full HD AMD Ryzen 5 Integradas 16 GB RAM 512 GB SSD,"$19,799",https://www.liverpool.com.mx/tienda/pdp/x/1194987958,HP · Mouse inalámbrico 200 2HU83AA,$230.30,4.8 de 5 (150 opiniones),Liverpool,https://www.liverpool.com.mx/tienda/pdp/x/1085475441,,
106,LA ROCHE POSAY · Crema facial recomendada para calmar y aliviar la piel de día para piel seca,$194,https://www.liverpool.com.mx/tienda/pdp/x/1195152833,CERAVE · Protector solar fps 50 loción protectora invisible hidratante 50fps 75ml cerave suncare,$319,5.0 de 5 (4 opiniones),Liverpool,https://www.liverpool.com.mx/tienda/pdp/x/1196643296,,
107,NINJA · Combo licuadora Plus DUO 3 velocidades,"$2,799",https://www.liverpool.com.mx/tienda/pdp/x/1136239356,NINJA · Freidora de aire 4.7 L Af141 Air Fryer Pro,"$2,379.30",4.7 de 5 (12 opiniones),Liverpool,https://www.liverpool.com.mx/tienda/pdp/x/1172019095,,
108,NINJA · Combo licuadora Plus DUO 3 velocidades,"$2,799",https://www.liverpool.com.mx/tienda/pdp/x/1136239356,SAMSUNG · Horno de microondas convencional modelo MS40DG5505ATAX 1.4 pies cúbicos,"$2,924.35",4.6 de 5 (101 opiniones),Liverpool,https://www.liverpool.com.mx/tienda/pdp/x/1157881104,,
109,NINJA · Combo licuadora Plus DUO 3 velocidades,"$2,799",https://www.liverpool.com.mx/tienda/pdp/x/1136239356,PEANUTS · Batidora inmersión 2 velocidades PS-1204,$529,sin opiniones,Marketplace,https://www.liverpool.com.mx/tienda/pdp/x/999682167197,,
110,NESPRESSO · Cafetera pop deluxe titan,"$2,395",https://www.liverpool.com.mx/tienda/pdp/x/1183164101,MYRVA · Espumador de leche eléctrico Genérica,$324,2.5 de 5 (8 opiniones),Marketplace,https://www.liverpool.com.mx/tienda/pdp/x/1163084968,,
111,NESPRESSO · Cafetera pop deluxe titan,"$2,395",https://www.liverpool.com.mx/tienda/pdp/x/1183164101,BUFFER · Termo de acero inoxidable praslin con tapa flip top,$459,sin opiniones,Marketplace,https://www.liverpool.com.mx/tienda/pdp/x/999671180847,,
112,NESPRESSO · Cafetera pop deluxe titan,"$2,395",https://www.liverpool.com.mx/tienda/pdp/x/1183164101,ZONANA · Set de tazas americanas 4 piezas,$349,sin opiniones,Liverpool,https://www.liverpool.com.mx/tienda/pdp/x/1207796049,,
113,NESPRESSO · Cafetera pop deluxe titan,"$2,395",https://www.liverpool.com.mx/tienda/pdp/x/1183164101,RCA · Espumador de leche eléctrico,$209,4.0 de 5 (16 opiniones),Marketplace,https://www.liverpool.com.mx/tienda/pdp/x/1174030070,,
114,APPLE · iPad A16 11 pulgadas,"$10,999",https://www.liverpool.com.mx/tienda/pdp/x/1176418893,APPLE · Pencil (USB-C),"$1,799",4.8 de 5 (110 opiniones),Liverpool,https://www.liverpool.com.mx/tienda/pdp/x/1144816494,,
115,APPLE · iPad A16 11 pulgadas,"$10,999",https://www.liverpool.com.mx/tienda/pdp/x/1176418893,BASHER · Mouse gamer inalámbrico BASH-3008,$499,sin opiniones,Marketplace,https://www.liverpool.com.mx/tienda/pdp/x/1185854791,,
116,APPLE · iPad A16 11 pulgadas,"$10,999",https://www.liverpool.com.mx/tienda/pdp/x/1176418893,APPLE · Funda para iPad A16 de silicón,"$1,799",5.0 de 5 (7 opiniones),Liverpool,https://www.liverpool.com.mx/tienda/pdp/x/1174105537,,
117,GROUND MUSIC · Guitarra acústica clásica ywcg-266ac,"$1,599",https://www.liverpool.com.mx/tienda/pdp/x/1156906383,IBANEZ · Afinador para guitarra acústica pu3-rd,$399,sin opiniones,Marketplace,https://www.liverpool.com.mx/tienda/pdp/x/1131186246,,
118,GROUND MUSIC · Guitarra acústica clásica ywcg-266ac,"$1,599",https://www.liverpool.com.mx/tienda/pdp/x/1156906383,KIDAM · Correa para Guitarra o Bajo Arte Moderno,$399,sin opiniones,Liverpool,https://www.liverpool.com.mx/tienda/pdp/x/1116388347,,
119,GROUND MUSIC · Guitarra acústica clásica ywcg-266ac,"$1,599",https://www.liverpool.com.mx/tienda/pdp/x/1156906383,RITTER · Funda guitarra acústica,$799,4.9 de 5 (17 opiniones),Liverpool,https://www.liverpool.com.mx/tienda/pdp/x/1138369265,,
120,DJI · Dron Lito X1,"$7,589",https://www.liverpool.com.mx/tienda/pdp/x/1199504751,HP · Mochila para cámara impermeable unisex,"$1,049.30",sin opiniones,Liverpool,https://www.liverpool.com.mx/tienda/pdp/x/1128939462,,
121,DJI · Dron Lito X1,"$7,589",https://www.liverpool.com.mx/tienda/pdp/x/1199504751,SANDISK · Memoria micro SD capacidad 128 GB,$849,5.0 de 5 (85 opiniones),Liverpool,https://www.liverpool.com.mx/tienda/pdp/x/1144199134,,
122,T-FAL · Batería de cocina supercook de aluminio antiadherente titanio 22 piezas,"$2,599",https://www.liverpool.com.mx/tienda/pdp/x/1206884874,GENÉRICA · Tabla para picar de plástico,$469.34,sin opiniones,Marketplace,https://www.liverpool.com.mx/tienda/pdp/x/999682256723,,
123,T-FAL · Batería de cocina supercook de aluminio antiadherente titanio 22 piezas,"$2,599",https://www.liverpool.com.mx/tienda/pdp/x/1206884874,T-FAL · Set espátulas Bienvenue,$519,5.0 de 5 (1 opinión),Marketplace,https://www.liverpool.com.mx/tienda/pdp/x/1176111760,,
124,T-FAL · Batería de cocina supercook de aluminio antiadherente titanio 22 piezas,"$2,599",https://www.liverpool.com.mx/tienda/pdp/x/1206884874,SHORBULL · Cuchillo para chef,$359,sin opiniones,Marketplace,https://www.liverpool.com.mx/tienda/pdp/x/1167669081,,
125,FUJI · Cámara instantánea film modelo Instax Mini 12,"$1,861",https://www.liverpool.com.mx/tienda/pdp/x/1136507617,FUJI · Estuche para cámara instantánea film para Instax Mini 12,$419.30,4.9 de 5 (16 opiniones),Liverpool,https://www.liverpool.com.mx/tienda/pdp/x/1137343103,,
126,FUJI · Cámara instantánea film modelo Instax Mini 12,"$1,861",https://www.liverpool.com.mx/tienda/pdp/x/1136507617,FUJI · Albúm film modelo Instax Mini 12,$499,4.8 de 5 (13 opiniones),Liverpool,https://www.liverpool.com.mx/tienda/pdp/x/1139309883,,
127,FUJI · Cámara instantánea film modelo Instax Mini 12,"$1,861",https://www.liverpool.com.mx/tienda/pdp/x/1136507617,FUJI · Papel fotográfico A4 film modelo Instax Mini 2-Pack,$479,4.9 de 5 (148 opiniones),Liverpool,https://www.liverpool.com.mx/tienda/pdp/x/1026095502,,
128,BLUELANDER · Lámpara de escritorio LED,$419,https://www.liverpool.com.mx/tienda/pdp/x/1151197716,SANELEC · Extensión eléctrica 7.6 m,$237.30,4.0 de 5 (1 opinión),Liverpool,https://www.liverpool.com.mx/tienda/pdp/x/1194719368,,
129,BLUELANDER · Lámpara de escritorio LED,$419,https://www.liverpool.com.mx/tienda/pdp/x/1151197716,STEREN · Set contacto Smart,$499,4.9 de 5 (9 opiniones),Marketplace,https://www.liverpool.com.mx/tienda/pdp/x/1155211080,,
130,BLUELANDER · Lámpara de escritorio LED,$419,https://www.liverpool.com.mx/tienda/pdp/x/1151197716,BLUELANDER · Organizador de escritorio,$359,4.8 de 5 (6 opiniones),Marketplace,https://www.liverpool.com.mx/tienda/pdp/x/1127217005,,
131,STANLEY · Termo de acero inoxidable Quencher Protour Fade con tapa rosca 1.1 L,"$1,884",https://www.liverpool.com.mx/tienda/pdp/x/1192029097,"XTREM · LONCHERA BREAK 3.0 5XT PO, NEGRO",$639,4.7 de 5 (3 opiniones),Liverpool,https://www.liverpool.com.mx/tienda/pdp/x/1176176799,,
132,STANLEY · Termo de acero inoxidable Quencher Protour Fade con tapa rosca 1.1 L,"$1,884",https://www.liverpool.com.mx/tienda/pdp/x/1192029097,STANLEY · Contenedor Classic Legendary de acero inoxidable,$999,sin opiniones,Marketplace,https://www.liverpool.com.mx/tienda/pdp/x/999681819734,,
133,STANLEY · Termo de acero inoxidable Quencher Protour Fade con tapa rosca 1.1 L,"$1,884",https://www.liverpool.com.mx/tienda/pdp/x/1192029097,STANLEY · Popote de plástico,$369,sin opiniones,Marketplace,https://www.liverpool.com.mx/tienda/pdp/x/999681824238,,
134,HAUS · Juego de sábanas de poliéster 120 g,$479.40,https://www.liverpool.com.mx/tienda/pdp/x/1173453370,HAUS · Funda para almohada,$144.50,4.8 de 5 (4 opiniones),Liverpool,https://www.liverpool.com.mx/tienda/pdp/x/1173453361,,
135,HAUS · Juego de sábanas de poliéster 120 g,$479.40,https://www.liverpool.com.mx/tienda/pdp/x/1173453370,DREAMLAB · Almohada firmeza suave,$709,sin opiniones,Marketplace,https://www.liverpool.com.mx/tienda/pdp/x/999685805413,,
136,HAUS · Juego de sábanas de poliéster 120 g,$479.40,https://www.liverpool.com.mx/tienda/pdp/x/1173453370,SPRING AIR · Almohada Coiled Comfort firmeza media,$439,4.7 de 5 (470 opiniones),Liverpool,https://www.liverpool.com.mx/tienda/pdp/x/1072871847,,
137,HAUS · Juego de sábanas de poliéster 120 g,$479.40,https://www.liverpool.com.mx/tienda/pdp/x/1173453370,HAUS · Set funda duvet,$719.40,5.0 de 5 (9 opiniones),Liverpool,https://www.liverpool.com.mx/tienda/pdp/x/1173453396,,
138,XTELLAR · Aretes cortos de oro 14 k con acabado brillante,$583,https://www.liverpool.com.mx/tienda/pdp/x/999685668239,XTELLAR · Anillo de flor P 925 de plata zirconia pulido,$807.45,sin opiniones,Marketplace,https://www.liverpool.com.mx/tienda/pdp/x/999668489883,,
139,XTELLAR · Aretes cortos de oro 14 k con acabado brillante,$583,https://www.liverpool.com.mx/tienda/pdp/x/999685668239,LOMBROZO · Pulsera acabado brillante,$399,sin opiniones,Liverpool,https://www.liverpool.com.mx/tienda/pdp/x/1203015441,,
140,XTELLAR · Aretes cortos de oro 14 k con acabado brillante,$583,https://www.liverpool.com.mx/tienda/pdp/x/999685668239,MOON · Collar con dije de letra m Letras de oro laminado 10 K,$879,4.8 de 5 (4 opiniones),Marketplace,https://www.liverpool.com.mx/tienda/pdp/x/1162634883,,
141,XTELLAR · Aretes cortos de oro 14 k con acabado brillante,$583,https://www.liverpool.com.mx/tienda/pdp/x/999685668239,XTELLAR · Pulsera de plata P 925 con acabado pulido,$888.99,1.8 de 5 (6 opiniones),Marketplace,https://www.liverpool.com.mx/tienda/pdp/x/1189120024,,
142,BRIDGER · Sofá Bishop,"$18,199",https://www.liverpool.com.mx/tienda/pdp/x/1134189742,ELLEINE · Tapete,$898.99,5.0 de 5 (1 opinión),Marketplace,https://www.liverpool.com.mx/tienda/pdp/x/1188840252,,
143,BRIDGER · Sofá Bishop,"$18,199",https://www.liverpool.com.mx/tienda/pdp/x/1134189742,HAUS · Cojín decorativo Haus Trípoli,$223,5.0 de 5 (3 opiniones),Liverpool,https://www.liverpool.com.mx/tienda/pdp/x/1138903890,,
144,BRIDGER · Sofá Bishop,"$18,199",https://www.liverpool.com.mx/tienda/pdp/x/1134189742,WEST ELM · Mesa de centro Madison,"$10,499.30",sin opiniones,Liverpool,https://www.liverpool.com.mx/tienda/pdp/x/1160111590,,
145,DACE · Ventilador de pedestal Dace con control remoto 3 velocidades,$949,https://www.liverpool.com.mx/tienda/pdp/x/1158178547,STEREN · Set contacto Smart,$499,4.9 de 5 (9 opiniones),Marketplace,https://www.liverpool.com.mx/tienda/pdp/x/1155211080,,
146,DACE · Ventilador de pedestal Dace con control remoto 3 velocidades,$949,https://www.liverpool.com.mx/tienda/pdp/x/1158178547,SANELEC · Extensión eléctrica 3 m,$79,5.0 de 5 (1 opinión),Liverpool,https://www.liverpool.com.mx/tienda/pdp/x/1194719406,,
147,SAMSUNG · Monitor gamer standard full HD 27 pulgadas LS27DG300ELXZX,"$3,199",https://www.liverpool.com.mx/tienda/pdp/x/1162829960,HP · Teclado conexión inalámbrica 230,$599,4.7 de 5 (15 opiniones),Liverpool,https://www.liverpool.com.mx/tienda/pdp/x/1125386225,,
148,SAMSUNG · Monitor gamer standard full HD 27 pulgadas LS27DG300ELXZX,"$3,199",https://www.liverpool.com.mx/tienda/pdp/x/1162829960,LOGITECH · Mouse Inalámbrico m196,$229,4.6 de 5 (5 opiniones),Liverpool,https://www.liverpool.com.mx/tienda/pdp/x/1170852559,,
149,SAMSUNG · Monitor gamer standard full HD 27 pulgadas LS27DG300ELXZX,"$3,199",https://www.liverpool.com.mx/tienda/pdp/x/1162829960,SAMSUNG · Audífonos In-Ear alámbricos,$447.20,4.7 de 5 (86 opiniones),Liverpool,https://www.liverpool.com.mx/tienda/pdp/x/1119485504,,
150,SAMSUNG · Monitor gamer standard full HD 27 pulgadas LS27DG300ELXZX,"$3,199",https://www.liverpool.com.mx/tienda/pdp/x/1162829960,AULA · Teclado gamer alámbrica e inalámbrica qwert español con interruptor membrana cúpula de goma s99 pro,$559.20,sin opiniones,Marketplace,https://www.liverpool.com.mx/tienda/pdp/x/999683595514,,
151,BUFFER · Vaso térmico de acero inoxidable con tapa a prueba de derrame 1.2 L,$549,https://www.liverpool.com.mx/tienda/pdp/x/99982476724,SAMSONITE · Lonchera térmica,$699,5.0 de 5 (1 opinión),Liverpool,https://www.liverpool.com.mx/tienda/pdp/x/1195406047,,
152,BUFFER · Vaso térmico de acero inoxidable con tapa a prueba de derrame 1.2 L,$549,https://www.liverpool.com.mx/tienda/pdp/x/99982476724,HAUS HOLIDAYS · Set de popotes de vidrio con 4 piezas,$249,sin opiniones,Liverpool,https://www.liverpool.com.mx/tienda/pdp/x/1193556422,,
153,BUFFER · Vaso térmico de acero inoxidable con tapa a prueba de derrame 1.2 L,$549,https://www.liverpool.com.mx/tienda/pdp/x/99982476724,HAUS · Set de tazas americanas Cute 5 piezas,$529,4.9 de 5 (12 opiniones),Liverpool,https://www.liverpool.com.mx/tienda/pdp/x/1171162978,,
154,BUFFER · Vaso térmico de acero inoxidable con tapa a prueba de derrame 1.2 L,$549,https://www.liverpool.com.mx/tienda/pdp/x/99982476724,ECOMLAB · Set cubiertos de acero inoxidable 49 piezas,$899,5.0 de 5 (1 opinión),Marketplace,https://www.liverpool.com.mx/tienda/pdp/x/999680352844,,
155,BUFFER · Vaso térmico de acero inoxidable con tapa a prueba de derrame 1.2 L,$549,https://www.liverpool.com.mx/tienda/pdp/x/99982476724,AQUILA · Contenedor Easy Go de acero inoxidable,$377,sin opiniones,Marketplace,https://www.liverpool.com.mx/tienda/pdp/x/99965200710,,
156,CLOROX · Purificador True HEPA Turbo+ 11071,"$2,029",https://www.liverpool.com.mx/tienda/pdp/x/1191477967,MOSSLAB · Humidificador 320 ml,"$1,199.20",sin opiniones,Liverpool,https://www.liverpool.com.mx/tienda/pdp/x/1166220048,,
157,ADIDAS · Tenis Galaxy 8 W para correr de mujer,"$1,119",https://www.liverpool.com.mx/tienda/pdp/x/1202930961,ADIDAS · Calceta comfort para entrenamiento unisex,$236,sin opiniones,Marketplace,https://www.liverpool.com.mx/tienda/pdp/x/99983536272,,
158,ADIDAS · Tenis Galaxy 8 W para correr de mujer,"$1,119",https://www.liverpool.com.mx/tienda/pdp/x/1202930961,ADIDAS · Playera deportiva para entrenamiento de mujer,$139.50,4.8 de 5 (34 opiniones),Liverpool,https://www.liverpool.com.mx/tienda/pdp/x/1101647648,,
159,ADIDAS · Tenis Galaxy 8 W para correr de mujer,"$1,119",https://www.liverpool.com.mx/tienda/pdp/x/1202930961,COLUMBIA · Pantalón deportivo outdoor para mujer,$629.30,sin opiniones,Liverpool,https://www.liverpool.com.mx/tienda/pdp/x/1192045311,,
160,DJI · Drone Mini 5 Pro FMC RC2,"$21,009",https://www.liverpool.com.mx/tienda/pdp/x/1201023200,GROUND · Mochila para drone,"$1,199",5.0 de 5 (1 opinión),Liverpool,https://www.liverpool.com.mx/tienda/pdp/x/1164804263,,
161,DJI · Drone Mini 5 Pro FMC RC2,"$21,009",https://www.liverpool.com.mx/tienda/pdp/x/1201023200,SANDISK · Memoria micro SD capacidad 128 GB,$849,5.0 de 5 (85 opiniones),Liverpool,https://www.liverpool.com.mx/tienda/pdp/x/1144199134,,
162,MON CARAMEL · Cuna convertible,"$3,617",https://www.liverpool.com.mx/tienda/pdp/x/1113933289,CARYBEBE · Protector de colchón transpirable,$197.40,5.0 de 5 (2 opiniones),Liverpool,https://www.liverpool.com.mx/tienda/pdp/x/1118151751,,
163,MON CARAMEL · Cuna convertible,"$3,617",https://www.liverpool.com.mx/tienda/pdp/x/1113933289,MEMORY FOAM BABY · Colchón para cuna confort medio,"$2,589.30",sin opiniones,Liverpool,https://www.liverpool.com.mx/tienda/pdp/x/1177764094,,
164,MON CARAMEL · Cuna convertible,"$3,617",https://www.liverpool.com.mx/tienda/pdp/x/1113933289,MON CARAMEL · Set Sábanas De Cuna De Algodón Mcmb2510-512,$379,1.0 de 5 (1 opinión),Liverpool,https://www.liverpool.com.mx/tienda/pdp/x/1172038936,,
165,XTELLAR · Casa de campaña para 4 personas adulto,"$1,339",https://www.liverpool.com.mx/tienda/pdp/x/1183187771,XTELLAR · Linterna para cabeza XTLLAR3593,$615.61,5.0 de 5 (1 opinión),Marketplace,https://www.liverpool.com.mx/tienda/pdp/x/1181806199,,
166,XTELLAR · Casa de campaña para 4 personas adulto,"$1,339",https://www.liverpool.com.mx/tienda/pdp/x/1183187771,XTELLAR · Bolsa de dormir unisex,$620.38,sin opiniones,Marketplace,https://www.liverpool.com.mx/tienda/pdp/x/1182919540,,
167,XTELLAR · Casa de campaña para 4 personas adulto,"$1,339",https://www.liverpool.com.mx/tienda/pdp/x/1183187771,GENÉRICA · Colchón inflable tight top,"$1,086.66",sin opiniones,Marketplace,https://www.liverpool.com.mx/tienda/pdp/x/1133946604,,
168,TOMMY · Reloj Hilfiger Bruce para hombre 1710742,"$2,474",https://www.liverpool.com.mx/tienda/pdp/x/1193351464,SONGMICS · Caja reloj Anicia cuadrada,$539.24,4.6 de 5 (25 opiniones),Marketplace,https://www.liverpool.com.mx/tienda/pdp/x/1179825470,,
169,TOMMY · Reloj Hilfiger Bruce para hombre 1710742,"$2,474",https://www.liverpool.com.mx/tienda/pdp/x/1193351464,TOMMY · Cartera Nappa para hombre,"$1,099",4.9 de 5 (70 opiniones),Liverpool,https://www.liverpool.com.mx/tienda/pdp/x/66344350,,
170,MAP · Bolsa shoulder para mujer,$524,https://www.liverpool.com.mx/tienda/pdp/x/1197838858,MAP · Cinturón para mujer,$246.75,4.5 de 5 (45 opiniones),Liverpool,https://www.liverpool.com.mx/tienda/pdp/x/1060302015,,
171,MAP · Bolsa shoulder para mujer,$524,https://www.liverpool.com.mx/tienda/pdp/x/1197838858,MAP · Cartera para mujer,$399,sin opiniones,Liverpool,https://www.liverpool.com.mx/tienda/pdp/x/1197838939,,
172,MAP · Bolsa shoulder para mujer,$524,https://www.liverpool.com.mx/tienda/pdp/x/1197838858,MAP · Lentes de sol para mujer,$499,sin opiniones,Liverpool,https://www.liverpool.com.mx/tienda/pdp/x/1203246851,,
173,MIDEA · Aire acondicionado mini split inverter frío 12000 btu mas12c1eir 115v,"$4,986",https://www.liverpool.com.mx/tienda/pdp/x/1194117503,KOBLENZ · Regulador voltaje RLB-1503,"$1,999",5.0 de 5 (2 opiniones),Liverpool,https://www.liverpool.com.mx/tienda/pdp/x/1189751130,,
174,MIDEA · Aire acondicionado mini split inverter frío 12000 btu mas12c1eir 115v,"$4,986",https://www.liverpool.com.mx/tienda/pdp/x/1194117503,KOBLENZ · Regulador de voltaje,$799,4.8 de 5 (157 opiniones),Liverpool,https://www.liverpool.com.mx/tienda/pdp/x/1101556634,,
175,MIDEA · Aire acondicionado mini split inverter frío 12000 btu mas12c1eir 115v,"$4,986",https://www.liverpool.com.mx/tienda/pdp/x/1194117503,MIDEA · Control remoto para aire acondicionado RG51H3 Minisplit,$579,sin opiniones,Liverpool,https://www.liverpool.com.mx/tienda/pdp/x/1189151477,,
176,SAMSUNG · Horno de microondas convencional modelo MS32DG4504ATAX 1.1 pies cúbicos,"$2,664",https://www.liverpool.com.mx/tienda/pdp/x/1161238151,KOBLENZ · Regulador de voltaje,$799,4.8 de 5 (157 opiniones),Liverpool,https://www.liverpool.com.mx/tienda/pdp/x/1101556634,,
177,SAMSUNG · Horno de microondas convencional modelo MS32DG4504ATAX 1.1 pies cúbicos,"$2,664",https://www.liverpool.com.mx/tienda/pdp/x/1161238151,INTERPLUS · Tapa para microondas,$57.85,4.8 de 5 (8 opiniones),Liverpool,https://www.liverpool.com.mx/tienda/pdp/x/84107514,,
178,SAMSUNG · Horno de microondas convencional modelo MS32DG4504ATAX 1.1 pies cúbicos,"$2,664",https://www.liverpool.com.mx/tienda/pdp/x/1161238151,OSTER · Licuadora reversible Xtreme Mix 3 velocidades,"$2,883.30",4.5 de 5 (122 opiniones),Liverpool,https://www.liverpool.com.mx/tienda/pdp/x/1171783409,,
179,OLYMPIA · Maleta de viaje Kioto,"$1,019",https://www.liverpool.com.mx/tienda/pdp/x/1171471869,GENERICA · Set bolsa organizadora viaje,$437.10,4.0 de 5 (1 opinión),Marketplace,https://www.liverpool.com.mx/tienda/pdp/x/1180634025,,
180,OLYMPIA · Maleta de viaje Kioto,"$1,019",https://www.liverpool.com.mx/tienda/pdp/x/1171471869,CLOE · Candado TSA de combinación,$299,4.6 de 5 (14 opiniones),Liverpool,https://www.liverpool.com.mx/tienda/pdp/x/1119323946,,
181,OLYMPIA · Maleta de viaje Kioto,"$1,019",https://www.liverpool.com.mx/tienda/pdp/x/1171471869,HEUMAN BRAND · Set de bolsas organizadoras 3 piezas,$299,5.0 de 5 (1 opinión),Liverpool,https://www.liverpool.com.mx/tienda/pdp/x/1189549228,,
182,OSTER · Batidora de pedestal 12 velocidades Fpstsmpl2B Planetaria,"$2,071",https://www.liverpool.com.mx/tienda/pdp/x/1171808134,DULCES BESOS · Set moldes,$499,4.8 de 5 (480 opiniones),Liverpool,https://www.liverpool.com.mx/tienda/pdp/x/1057415891,,
183,OSTER · Batidora de pedestal 12 velocidades Fpstsmpl2B Planetaria,"$2,071",https://www.liverpool.com.mx/tienda/pdp/x/1171808134,OSTER · Licuadora reversible BLST3B-CAG 3 velocidades,"$3,499.30",4.6 de 5 (39 opiniones),Liverpool,https://www.liverpool.com.mx/tienda/pdp/x/1111007141,,
184,OSTER · Batidora de pedestal 12 velocidades Fpstsmpl2B Planetaria,"$2,071",https://www.liverpool.com.mx/tienda/pdp/x/1171808134,OSTER · Freidora de aire con compartimento único 6 L CKSTAF60WDDF,"$1,756",5.0 de 5 (24 opiniones),Marketplace,https://www.liverpool.com.mx/tienda/pdp/x/1188152119,,
185,T-FAL · Sartén Easy Titanium de aluminio,$356,https://www.liverpool.com.mx/tienda/pdp/x/1155975641,T-FAL · Set espátulas Bienvenue,$519,5.0 de 5 (1 opinión),Marketplace,https://www.liverpool.com.mx/tienda/pdp/x/1176111760,,
186,T-FAL · Sartén Easy Titanium de aluminio,$356,https://www.liverpool.com.mx/tienda/pdp/x/1155975641,METALTEX · Tabla para picar de bambú,$149,4.8 de 5 (235 opiniones),Liverpool,https://www.liverpool.com.mx/tienda/pdp/x/1078598553,,
187,T-FAL · Sartén Easy Titanium de aluminio,$356,https://www.liverpool.com.mx/tienda/pdp/x/1155975641,MYRVA · Set de cuchillos utilitario kitchen 6 piezas,$381,sin opiniones,Marketplace,https://www.liverpool.com.mx/tienda/pdp/x/1169588291,,
188,HAUS · Vajilla cerrada karmina de dolomita para 4 personas,"$1,037",https://www.liverpool.com.mx/tienda/pdp/x/1092653991,HAUS · Set cubiertos Glow de acero inoxidable 24 piezas,"$1,019",4.8 de 5 (9 opiniones),Liverpool,https://www.liverpool.com.mx/tienda/pdp/x/1167501466,,
189,HAUS · Vajilla cerrada karmina de dolomita para 4 personas,"$1,037",https://www.liverpool.com.mx/tienda/pdp/x/1092653991,HAUS · Set vaso highball Basis de vidrio con 12 piezas,$343.85,4.9 de 5 (32 opiniones),Liverpool,https://www.liverpool.com.mx/tienda/pdp/x/1099773592,,
190,HAUS · Vajilla cerrada karmina de dolomita para 4 personas,"$1,037",https://www.liverpool.com.mx/tienda/pdp/x/1092653991,HAUS · Set de tazas americanas Phrases 5 piezas,$244.50,4.8 de 5 (16 opiniones),Liverpool,https://www.liverpool.com.mx/tienda/pdp/x/1126239501,,
191,HEUMAN BRAND · Ventilador de torre con control remoto 3 velocidades,"$1,129",https://www.liverpool.com.mx/tienda/pdp/x/1159850834,SANELEC · Extensión eléctrica 3 m,$79,5.0 de 5 (1 opinión),Liverpool,https://www.liverpool.com.mx/tienda/pdp/x/1194719406,,
192,HEUMAN BRAND · Ventilador de torre con control remoto 3 velocidades,"$1,129",https://www.liverpool.com.mx/tienda/pdp/x/1159850834,STEREN · Set contacto Smart,$499,4.9 de 5 (9 opiniones),Marketplace,https://www.liverpool.com.mx/tienda/pdp/x/1155211080,,
193,SPRING AIR · Set de almohada pillow firmeza media,$647,https://www.liverpool.com.mx/tienda/pdp/x/1143459531,HAUS KIDS · Set de colcha Haus Kids Waffle Kids,$719.60,5.0 de 5 (2 opiniones),Liverpool,https://www.liverpool.com.mx/tienda/pdp/x/1176866551,,
194,SPRING AIR · Set de almohada pillow firmeza media,$647,https://www.liverpool.com.mx/tienda/pdp/x/1143459531,DALFIORI BASIC · Funda para almohada Dalfiori,$139,4.9 de 5 (90 opiniones),Liverpool,https://www.liverpool.com.mx/tienda/pdp/x/1096445928,,
195,SPRING AIR · Set de almohada pillow firmeza media,$647,https://www.liverpool.com.mx/tienda/pdp/x/1143459531,REBECA · Protector de almohada transpirable,$479,3.7 de 5 (3 opiniones),Marketplace,https://www.liverpool.com.mx/tienda/pdp/x/1116306961,,
196,SPRING AIR · Set de almohada pillow firmeza media,$647,https://www.liverpool.com.mx/tienda/pdp/x/1143459531,HAUS · Juego de sábanas de poliéster 120 g,$479.40,4.9 de 5 (39 opiniones),Liverpool,https://www.liverpool.com.mx/tienda/pdp/x/1173453370,,
197,ALVANA · Set edredón Confort,$699,https://www.liverpool.com.mx/tienda/pdp/x/99996060744,ALVANA · Juego de sábanas de microfibra 120 g,$499,5.0 de 5 (1 opinión),Marketplace,https://www.liverpool.com.mx/tienda/pdp/x/999686312190,,
198,ALVANA · Set edredón Confort,$699,https://www.liverpool.com.mx/tienda/pdp/x/99996060744,PEPE JEANS · Set de almohada Twin Pack Toby firmeza media,$329,4.6 de 5 (567 opiniones),Liverpool,https://www.liverpool.com.mx/tienda/pdp/x/1060856517,,
199,ALVANA · Set edredón Confort,$699,https://www.liverpool.com.mx/tienda/pdp/x/99996060744,SMART BAMBOO · Funda para almohada,$511,sin opiniones,Marketplace,https://www.liverpool.com.mx/tienda/pdp/x/99977058541,,
200,ALVANA · Set edredón Confort,$699,https://www.liverpool.com.mx/tienda/pdp/x/99996060744,TESSO HOME · Set de almohada Comfort firmeza media,$659,3.3 de 5 (12 opiniones),Marketplace,https://www.liverpool.com.mx/tienda/pdp/x/99982831505,,
201,T-FAL · Cepillo de vapor acces steam DT7111X1 suela cerámica,$979,https://www.liverpool.com.mx/tienda/pdp/x/1136851981,COCUUN · Burro de planchar de acero,"$1,889",4.6 de 5 (170 opiniones),Liverpool,https://www.liverpool.com.mx/tienda/pdp/x/1134568310,,
202,T-FAL · Cepillo de vapor acces steam DT7111X1 suela cerámica,$979,https://www.liverpool.com.mx/tienda/pdp/x/1136851981,GENÉRICA · Quitapelusas eléctronico,$741.99,4.5 de 5 (6 opiniones),Marketplace,https://www.liverpool.com.mx/tienda/pdp/x/1144401014,,
203,HEUMAN BRAND · Lámpara de pie Tradicional,$389,https://www.liverpool.com.mx/tienda/pdp/x/1141597601,ROCKET HOUSE · Foco LED 5 W de consumo 11 W de iluminación 1100 lm lúmenes,$269.10,5.0 de 5 (6 opiniones),Liverpool,https://www.liverpool.com.mx/tienda/pdp/x/1135465123,,
204,HEUMAN BRAND · Lámpara de pie Tradicional,$389,https://www.liverpool.com.mx/tienda/pdp/x/1141597601,STEREN · Set contacto Smart,$499,4.9 de 5 (9 opiniones),Marketplace,https://www.liverpool.com.mx/tienda/pdp/x/1155211080,,
205,X10 · Casa de campaña para 2 personas adulto,$909,https://www.liverpool.com.mx/tienda/pdp/x/1164597411,X10 · Bolsa de dormir unisex,$559.30,4.3 de 5 (10 opiniones),Liverpool,https://www.liverpool.com.mx/tienda/pdp/x/1142733636,,
206,X10 · Casa de campaña para 2 personas adulto,$909,https://www.liverpool.com.mx/tienda/pdp/x/1164597411,XTELLAR · Colchón inflable XTLLAR4624 colchoneta pillow top (integrada),$645.94,sin opiniones,Marketplace,https://www.liverpool.com.mx/tienda/pdp/x/1182937432,,
207,X10 · Casa de campaña para 2 personas adulto,$909,https://www.liverpool.com.mx/tienda/pdp/x/1164597411,XTELLAR · Linterna para cabeza XTLLAR3593,$615.61,5.0 de 5 (1 opinión),Marketplace,https://www.liverpool.com.mx/tienda/pdp/x/1181806199,,
208,DEVIR · Duelo por Cardia Familiar,$181,https://www.liverpool.com.mx/tienda/pdp/x/1194720102,NOVELTY · Rompecabezas Rompecabezas Premium Xmen 97 1000 Piezas,$244.30,sin opiniones,Liverpool,https://www.liverpool.com.mx/tienda/pdp/x/1195466536,,
209,DEVIR · Duelo por Cardia Familiar,$181,https://www.liverpool.com.mx/tienda/pdp/x/1194720102,NOVELTY · Baraja Bicycle,$109,5.0 de 5 (1 opinión),Liverpool,https://www.liverpool.com.mx/tienda/pdp/x/1140067811,,
